{"cameraMode":{"drawMode":0,"name":"Shaded","section":"Shading Mode"},"sceneLighting":true,"audioPlay":false,"sceneViewState":{"m_AlwaysRefresh":false,"showFog":true,"showSkybox":false,"showFlares":true,"showImageEffects":true,"showParticleSystems":true,"showVisualEffectGraphs":true,"m_FxEnabled":true},"in2DMode":false,"pivot":{"x":1.026354193687439,"y":-4.121281147003174,"z":16.015342712402345},"rotation":{"x":0.3642960786819458,"y":0.009778223000466824,"z":-0.0038252437952905895,"w":0.9312246441841126},"size":4.98358154296875,"orthographic":false}