{"cameraMode":{"drawMode":0,"name":"Shaded","section":"Shading Mode"},"sceneLighting":false,"audioPlay":false,"sceneViewState":{"m_AlwaysRefresh":false,"showFog":false,"showSkybox":false,"showFlares":false,"showImageEffects":false,"showParticleSystems":false,"showVisualEffectGraphs":true,"m_FxEnabled":true},"in2DMode":false,"pivot":{"x":-0.0016163885593414307,"y":0.8964828848838806,"z":0.024643898010253907},"rotation":{"x":0.3093370497226715,"y":-0.30543941259384158,"z":0.10564519464969635,"w":0.8943477272987366},"size":1.001547932624817,"orthographic":false}